GroupNum,Group,Ind_vs_Comb,Plate,Worm,PlateGroup,MET ,NMN,CR,Time,Censoring,NaturalDeath,Contam_Level,Contam_Level_Binary,Contam_Type
1,Control,Control,1,1,1,0,0,0,4,1,0,None,Low,None
1,Control,Control,1,2,1,0,0,0,4,1,0,None,Low,None
1,Control,Control,1,3,1,0,0,0,15,0,1,None,Low,None
1,Control,Control,1,4,1,0,0,0,16,0,1,None,Low,None
1,Control,Control,1,5,1,0,0,0,19,0,1,None,Low,None
1,Control,Control,1,6,1,0,0,0,19,0,1,None,Low,None
1,Control,Control,1,7,1,0,0,0,19,0,1,None,Low,None
1,Control,Control,1,8,1,0,0,0,19,0,1,None,Low,None
1,Control,Control,1,9,1,0,0,0,19,0,1,None,Low,None
1,Control,Control,1,10,1,0,0,0,21,0,1,None,Low,None
1,Control,Control,1,11,1,0,0,0,21,0,1,None,Low,None
1,Control,Control,1,12,1,0,0,0,21,0,1,None,Low,None
1,Control,Control,1,13,1,0,0,0,21,0,1,None,Low,None
1,Control,Control,1,14,1,0,0,0,21,0,1,None,Low,None
1,Control,Control,1,15,1,0,0,0,21,0,1,None,Low,None
1,Control,Control,1,16,1,0,0,0,21,0,1,None,Low,None
1,Control,Control,1,17,1,0,0,0,21,0,1,None,Low,None
1,Control,Control,1,18,1,0,0,0,21,0,1,None,Low,None
1,Control,Control,1,19,1,0,0,0,21,0,1,None,Low,None
1,Control,Control,1,20,1,0,0,0,24,0,1,None,Low,None
1,Control,Control,2,21,2,0,0,0,7,1,0,None,Low,None
1,Control,Control,2,22,2,0,0,0,15,0,1,None,Low,None
1,Control,Control,2,23,2,0,0,0,18,0,1,None,Low,None
1,Control,Control,2,24,2,0,0,0,19,0,1,None,Low,None
1,Control,Control,2,25,2,0,0,0,19,0,1,None,Low,None
1,Control,Control,2,26,2,0,0,0,19,0,1,None,Low,None
1,Control,Control,2,27,2,0,0,0,21,0,1,None,Low,None
1,Control,Control,2,28,2,0,0,0,21,0,1,None,Low,None
1,Control,Control,2,29,2,0,0,0,21,0,1,None,Low,None
1,Control,Control,2,30,2,0,0,0,21,0,1,None,Low,None
1,Control,Control,2,31,2,0,0,0,21,0,1,None,Low,None
1,Control,Control,2,32,2,0,0,0,21,0,1,None,Low,None
1,Control,Control,2,33,2,0,0,0,21,0,1,None,Low,None
1,Control,Control,2,34,2,0,0,0,21,0,1,None,Low,None
1,Control,Control,2,35,2,0,0,0,21,0,1,None,Low,None
1,Control,Control,2,36,2,0,0,0,21,0,1,None,Low,None
1,Control,Control,2,37,2,0,0,0,21,0,1,None,Low,None
1,Control,Control,2,38,2,0,0,0,21,0,1,None,Low,None
1,Control,Control,2,39,2,0,0,0,21,0,1,None,Low,None
1,Control,Control,2,40,2,0,0,0,24,0,1,None,Low,None
1,Control,Control,3,41,3,0,0,0,4,1,0,None,Low,None
1,Control,Control,3,42,3,0,0,0,4,1,0,None,Low,None
1,Control,Control,3,43,3,0,0,0,17,0,1,None,Low,None
1,Control,Control,3,44,3,0,0,0,18,0,1,None,Low,None
1,Control,Control,3,45,3,0,0,0,21,0,1,None,Low,None
1,Control,Control,3,46,3,0,0,0,21,0,1,None,Low,None
1,Control,Control,3,47,3,0,0,0,21,0,1,None,Low,None
1,Control,Control,3,48,3,0,0,0,21,0,1,None,Low,None
1,Control,Control,3,49,3,0,0,0,21,0,1,None,Low,None
1,Control,Control,3,50,3,0,0,0,21,0,1,None,Low,None
1,Control,Control,3,51,3,0,0,0,21,0,1,None,Low,None
1,Control,Control,3,52,3,0,0,0,21,0,1,None,Low,None
1,Control,Control,3,53,3,0,0,0,21,0,1,None,Low,None
1,Control,Control,3,54,3,0,0,0,24,0,1,None,Low,None
1,Control,Control,3,55,3,0,0,0,24,0,1,None,Low,None
1,Control,Control,3,56,3,0,0,0,24,0,1,None,Low,None
1,Control,Control,3,57,3,0,0,0,24,0,1,None,Low,None
1,Control,Control,3,58,3,0,0,0,25,0,1,None,Low,None
1,Control,Control,3,59,3,0,0,0,25,0,1,None,Low,None
1,Control,Control,3,60,3,0,0,0,27,0,1,None,Low,None
1,Control,Control,4,61,4,0,0,0,4,1,0,None,Low,None
1,Control,Control,4,62,4,0,0,0,7,1,0,None,Low,None
1,Control,Control,4,63,4,0,0,0,12,0,1,None,Low,None
1,Control,Control,4,64,4,0,0,0,16,0,1,None,Low,None
1,Control,Control,4,65,4,0,0,0,17,0,1,None,Low,None
1,Control,Control,4,66,4,0,0,0,18,0,1,None,Low,None
1,Control,Control,4,67,4,0,0,0,19,0,1,None,Low,None
1,Control,Control,4,68,4,0,0,0,19,0,1,None,Low,None
1,Control,Control,4,69,4,0,0,0,19,0,1,None,Low,None
1,Control,Control,4,70,4,0,0,0,19,0,1,None,Low,None
1,Control,Control,4,71,4,0,0,0,19,0,1,None,Low,None
1,Control,Control,4,72,4,0,0,0,21,0,1,None,Low,None
1,Control,Control,4,73,4,0,0,0,21,0,1,None,Low,None
1,Control,Control,4,74,4,0,0,0,21,0,1,None,Low,None
1,Control,Control,4,75,4,0,0,0,21,0,1,None,Low,None
1,Control,Control,4,76,4,0,0,0,21,0,1,None,Low,None
1,Control,Control,4,77,4,0,0,0,21,0,1,None,Low,None
1,Control,Control,4,78,4,0,0,0,21,0,1,None,Low,None
1,Control,Control,4,79,4,0,0,0,24,0,1,None,Low,None
1,Control,Control,4,80,4,0,0,0,24,0,1,None,Low,None
1,Control,Control,5,81,5,0,0,0,18,0,1,None,Low,None
1,Control,Control,5,82,5,0,0,0,18,0,1,None,Low,None
1,Control,Control,5,83,5,0,0,0,19,0,1,None,Low,None
1,Control,Control,5,84,5,0,0,0,19,0,1,None,Low,None
1,Control,Control,5,85,5,0,0,0,19,0,1,None,Low,None
1,Control,Control,5,86,5,0,0,0,21,0,1,None,Low,None
1,Control,Control,5,87,5,0,0,0,21,0,1,None,Low,None
1,Control,Control,5,88,5,0,0,0,21,0,1,None,Low,None
1,Control,Control,5,89,5,0,0,0,21,0,1,None,Low,None
1,Control,Control,5,90,5,0,0,0,21,0,1,None,Low,None
1,Control,Control,5,91,5,0,0,0,21,0,1,None,Low,None
1,Control,Control,5,92,5,0,0,0,21,0,1,None,Low,None
1,Control,Control,5,93,5,0,0,0,21,0,1,None,Low,None
1,Control,Control,5,94,5,0,0,0,21,0,1,None,Low,None
1,Control,Control,5,95,5,0,0,0,21,0,1,None,Low,None
1,Control,Control,5,96,5,0,0,0,21,0,1,None,Low,None
1,Control,Control,5,97,5,0,0,0,21,0,1,None,Low,None
1,Control,Control,5,98,5,0,0,0,21,0,1,None,Low,None
1,Control,Control,5,99,5,0,0,0,24,0,1,None,Low,None
1,Control,Control,5,100,5,0,0,0,25,0,1,None,Low,None
2,MET,Single,1,101,6,1,0,0,4,1,0,None,Low,None
2,MET,Single,1,102,6,1,0,0,15,0,1,None,Low,None
2,MET,Single,1,103,6,1,0,0,19,0,1,None,Low,None
2,MET,Single,1,104,6,1,0,0,21,0,1,None,Low,None
2,MET,Single,1,105,6,1,0,0,21,0,1,None,Low,None
2,MET,Single,1,106,6,1,0,0,21,0,1,None,Low,None
2,MET,Single,1,107,6,1,0,0,21,0,1,None,Low,None
2,MET,Single,1,108,6,1,0,0,21,0,1,None,Low,None
2,MET,Single,1,109,6,1,0,0,21,0,1,None,Low,None
2,MET,Single,1,110,6,1,0,0,21,0,1,None,Low,None
2,MET,Single,1,111,6,1,0,0,21,0,1,None,Low,None
2,MET,Single,1,112,6,1,0,0,21,0,1,None,Low,None
2,MET,Single,1,113,6,1,0,0,24,1,0,None,Low,None
2,MET,Single,1,114,6,1,0,0,24,0,1,None,Low,None
2,MET,Single,1,115,6,1,0,0,24,0,1,None,Low,None
2,MET,Single,1,116,6,1,0,0,24,0,1,None,Low,None
2,MET,Single,1,117,6,1,0,0,25,0,1,None,Low,None
2,MET,Single,1,118,6,1,0,0,26,0,1,None,Low,None
2,MET,Single,1,119,6,1,0,0,27,0,1,None,Low,None
2,MET,Single,1,120,6,1,0,0,29,0,1,None,Low,None
2,MET,Single,2,121,7,1,0,0,7,1,0,None,Low,None
2,MET,Single,2,122,7,1,0,0,7,1,0,None,Low,None
2,MET,Single,2,123,7,1,0,0,19,0,1,None,Low,None
2,MET,Single,2,124,7,1,0,0,21,0,1,None,Low,None
2,MET,Single,2,125,7,1,0,0,21,0,1,None,Low,None
2,MET,Single,2,126,7,1,0,0,21,0,1,None,Low,None
2,MET,Single,2,127,7,1,0,0,21,0,1,None,Low,None
2,MET,Single,2,128,7,1,0,0,21,0,1,None,Low,None
2,MET,Single,2,129,7,1,0,0,21,0,1,None,Low,None
2,MET,Single,2,130,7,1,0,0,21,0,1,None,Low,None
2,MET,Single,2,131,7,1,0,0,21,0,1,None,Low,None
2,MET,Single,2,132,7,1,0,0,21,0,1,None,Low,None
2,MET,Single,2,133,7,1,0,0,24,0,1,None,Low,None
2,MET,Single,2,134,7,1,0,0,24,0,1,None,Low,None
2,MET,Single,2,135,7,1,0,0,24,0,1,None,Low,None
2,MET,Single,2,136,7,1,0,0,24,0,1,None,Low,None
2,MET,Single,2,137,7,1,0,0,24,0,1,None,Low,None
2,MET,Single,2,138,7,1,0,0,25,0,1,None,Low,None
2,MET,Single,2,139,7,1,0,0,27,0,1,None,Low,None
2,MET,Single,2,140,7,1,0,0,31,0,1,None,Low,None
2,MET,Single,3,141,8,1,0,0,14,1,0,Extensive,High,D
2,MET,Single,3,142,8,1,0,0,14,0,1,Extensive,High,D
2,MET,Single,3,143,8,1,0,0,14,0,1,Extensive,High,D
2,MET,Single,3,144,8,1,0,0,14,0,1,Extensive,High,D
2,MET,Single,3,145,8,1,0,0,14,0,1,Extensive,High,D
2,MET,Single,3,146,8,1,0,0,14,0,1,Extensive,High,D
2,MET,Single,3,147,8,1,0,0,15,0,1,Extensive,High,D
2,MET,Single,3,148,8,1,0,0,15,0,1,Extensive,High,D
2,MET,Single,3,149,8,1,0,0,15,0,1,Extensive,High,D
2,MET,Single,3,150,8,1,0,0,15,0,1,Extensive,High,D
2,MET,Single,3,151,8,1,0,0,15,0,1,Extensive,High,D
2,MET,Single,3,152,8,1,0,0,15,0,1,Extensive,High,D
2,MET,Single,3,153,8,1,0,0,15,0,1,Extensive,High,D
2,MET,Single,3,154,8,1,0,0,16,0,1,Extensive,High,D
2,MET,Single,3,155,8,1,0,0,17,0,1,Extensive,High,D
2,MET,Single,3,156,8,1,0,0,18,0,1,Extensive,High,D
2,MET,Single,3,157,8,1,0,0,18,0,1,Extensive,High,D
2,MET,Single,3,158,8,1,0,0,19,0,1,Extensive,High,D
2,MET,Single,3,159,8,1,0,0,21,0,1,Extensive,High,D
2,MET,Single,3,160,8,1,0,0,24,0,1,Extensive,High,D
2,MET,Single,4,161,9,1,0,0,14,0,1,None,Low,None
2,MET,Single,4,162,9,1,0,0,19,0,1,None,Low,None
2,MET,Single,4,163,9,1,0,0,21,0,1,None,Low,None
2,MET,Single,4,164,9,1,0,0,21,0,1,None,Low,None
2,MET,Single,4,165,9,1,0,0,21,0,1,None,Low,None
2,MET,Single,4,166,9,1,0,0,21,0,1,None,Low,None
2,MET,Single,4,167,9,1,0,0,21,0,1,None,Low,None
2,MET,Single,4,168,9,1,0,0,21,0,1,None,Low,None
2,MET,Single,4,169,9,1,0,0,21,0,1,None,Low,None
2,MET,Single,4,170,9,1,0,0,21,0,1,None,Low,None
2,MET,Single,4,171,9,1,0,0,21,0,1,None,Low,None
2,MET,Single,4,172,9,1,0,0,21,0,1,None,Low,None
2,MET,Single,4,173,9,1,0,0,21,0,1,None,Low,None
2,MET,Single,4,174,9,1,0,0,21,0,1,None,Low,None
2,MET,Single,4,175,9,1,0,0,21,0,1,None,Low,None
2,MET,Single,4,176,9,1,0,0,21,0,1,None,Low,None
2,MET,Single,4,177,9,1,0,0,24,0,1,None,Low,None
2,MET,Single,4,178,9,1,0,0,24,0,1,None,Low,None
2,MET,Single,4,179,9,1,0,0,27,0,1,None,Low,None
2,MET,Single,4,180,9,1,0,0,27,0,1,None,Low,None
2,MET,Single,5,181,10,1,0,0,4,1,0,None,Low,None
2,MET,Single,5,182,10,1,0,0,17,0,1,None,Low,None
2,MET,Single,5,183,10,1,0,0,21,0,1,None,Low,None
2,MET,Single,5,184,10,1,0,0,21,0,1,None,Low,None
2,MET,Single,5,185,10,1,0,0,21,0,1,None,Low,None
2,MET,Single,5,186,10,1,0,0,21,0,1,None,Low,None
2,MET,Single,5,187,10,1,0,0,21,0,1,None,Low,None
2,MET,Single,5,188,10,1,0,0,21,0,1,None,Low,None
2,MET,Single,5,189,10,1,0,0,21,0,1,None,Low,None
2,MET,Single,5,190,10,1,0,0,21,0,1,None,Low,None
2,MET,Single,5,191,10,1,0,0,21,0,1,None,Low,None
2,MET,Single,5,192,10,1,0,0,21,0,1,None,Low,None
2,MET,Single,5,193,10,1,0,0,21,0,1,None,Low,None
2,MET,Single,5,194,10,1,0,0,21,0,1,None,Low,None
2,MET,Single,5,195,10,1,0,0,21,0,1,None,Low,None
2,MET,Single,5,196,10,1,0,0,21,0,1,None,Low,None
2,MET,Single,5,197,10,1,0,0,24,0,1,None,Low,None
2,MET,Single,5,198,10,1,0,0,24,0,1,None,Low,None
2,MET,Single,5,199,10,1,0,0,24,0,1,None,Low,None
2,MET,Single,5,200,10,1,0,0,24,0,1,None,Low,None
3,NMN,Single,1,201,11,0,1,0,16,0,1,None,Low,None
3,NMN,Single,1,202,11,0,1,0,19,0,1,None,Low,None
3,NMN,Single,1,203,11,0,1,0,19,0,1,None,Low,None
3,NMN,Single,1,204,11,0,1,0,19,0,1,None,Low,None
3,NMN,Single,1,205,11,0,1,0,19,0,1,None,Low,None
3,NMN,Single,1,206,11,0,1,0,21,0,1,None,Low,None
3,NMN,Single,1,207,11,0,1,0,21,0,1,None,Low,None
3,NMN,Single,1,208,11,0,1,0,21,0,1,None,Low,None
3,NMN,Single,1,209,11,0,1,0,21,0,1,None,Low,None
3,NMN,Single,1,210,11,0,1,0,21,0,1,None,Low,None
3,NMN,Single,1,211,11,0,1,0,21,0,1,None,Low,None
3,NMN,Single,1,212,11,0,1,0,21,0,1,None,Low,None
3,NMN,Single,1,213,11,0,1,0,21,0,1,None,Low,None
3,NMN,Single,1,214,11,0,1,0,21,0,1,None,Low,None
3,NMN,Single,1,215,11,0,1,0,21,0,1,None,Low,None
3,NMN,Single,1,216,11,0,1,0,21,0,1,None,Low,None
3,NMN,Single,1,217,11,0,1,0,21,0,1,None,Low,None
3,NMN,Single,1,218,11,0,1,0,21,0,1,None,Low,None
3,NMN,Single,1,219,11,0,1,0,24,0,1,None,Low,None
3,NMN,Single,1,220,11,0,1,0,24,0,1,None,Low,None
3,NMN,Single,2,221,12,0,1,0,3,1,0,None,Low,None
3,NMN,Single,2,222,12,0,1,0,4,1,0,None,Low,None
3,NMN,Single,2,223,12,0,1,0,4,1,0,None,Low,None
3,NMN,Single,2,224,12,0,1,0,4,1,0,None,Low,None
3,NMN,Single,2,225,12,0,1,0,16,0,1,None,Low,None
3,NMN,Single,2,226,12,0,1,0,17,0,1,None,Low,None
3,NMN,Single,2,227,12,0,1,0,18,0,1,None,Low,None
3,NMN,Single,2,228,12,0,1,0,19,0,1,None,Low,None
3,NMN,Single,2,229,12,0,1,0,19,0,1,None,Low,None
3,NMN,Single,2,230,12,0,1,0,19,0,1,None,Low,None
3,NMN,Single,2,231,12,0,1,0,21,0,1,None,Low,None
3,NMN,Single,2,232,12,0,1,0,21,0,1,None,Low,None
3,NMN,Single,2,233,12,0,1,0,21,0,1,None,Low,None
3,NMN,Single,2,234,12,0,1,0,21,0,1,None,Low,None
3,NMN,Single,2,235,12,0,1,0,21,0,1,None,Low,None
3,NMN,Single,2,236,12,0,1,0,21,0,1,None,Low,None
3,NMN,Single,2,237,12,0,1,0,21,0,1,None,Low,None
3,NMN,Single,2,238,12,0,1,0,24,0,1,None,Low,None
3,NMN,Single,2,239,12,0,1,0,26,0,1,None,Low,None
3,NMN,Single,2,240,12,0,1,0,27,0,1,None,Low,None
3,NMN,Single,3,241,13,0,1,0,12,1,0,Reasonable,High,D
3,NMN,Single,3,242,13,0,1,0,15,0,1,Reasonable,High,D
3,NMN,Single,3,243,13,0,1,0,15,0,1,Reasonable,High,D
3,NMN,Single,3,244,13,0,1,0,15,0,1,Reasonable,High,D
3,NMN,Single,3,245,13,0,1,0,16,0,1,Reasonable,High,D
3,NMN,Single,3,246,13,0,1,0,17,0,1,Reasonable,High,D
3,NMN,Single,3,247,13,0,1,0,18,0,1,Reasonable,High,D
3,NMN,Single,3,248,13,0,1,0,19,0,1,Reasonable,High,D
3,NMN,Single,3,249,13,0,1,0,19,0,1,Reasonable,High,D
3,NMN,Single,3,250,13,0,1,0,21,0,1,Reasonable,High,D
3,NMN,Single,3,251,13,0,1,0,21,0,1,Reasonable,High,D
3,NMN,Single,3,252,13,0,1,0,21,0,1,Reasonable,High,D
3,NMN,Single,3,253,13,0,1,0,21,0,1,Reasonable,High,D
3,NMN,Single,3,254,13,0,1,0,21,0,1,Reasonable,High,D
3,NMN,Single,3,255,13,0,1,0,21,0,1,Reasonable,High,D
3,NMN,Single,3,256,13,0,1,0,24,0,1,Reasonable,High,D
3,NMN,Single,3,257,13,0,1,0,24,0,1,Reasonable,High,D
3,NMN,Single,3,258,13,0,1,0,24,0,1,Reasonable,High,D
3,NMN,Single,3,259,13,0,1,0,24,0,1,Reasonable,High,D
3,NMN,Single,3,260,13,0,1,0,27,0,1,Reasonable,High,D
3,NMN,Single,4,261,14,0,1,0,17,0,1,Very little,Low,Y
3,NMN,Single,4,262,14,0,1,0,17,0,1,Very little,Low,Y
3,NMN,Single,4,263,14,0,1,0,18,0,1,Very little,Low,Y
3,NMN,Single,4,264,14,0,1,0,18,0,1,Very little,Low,Y
3,NMN,Single,4,265,14,0,1,0,19,0,1,Very little,Low,Y
3,NMN,Single,4,266,14,0,1,0,19,0,1,Very little,Low,Y
3,NMN,Single,4,267,14,0,1,0,19,0,1,Very little,Low,Y
3,NMN,Single,4,268,14,0,1,0,21,0,1,Very little,Low,Y
3,NMN,Single,4,269,14,0,1,0,21,0,1,Very little,Low,Y
3,NMN,Single,4,270,14,0,1,0,21,0,1,Very little,Low,Y
3,NMN,Single,4,271,14,0,1,0,21,0,1,Very little,Low,Y
3,NMN,Single,4,272,14,0,1,0,21,0,1,Very little,Low,Y
3,NMN,Single,4,273,14,0,1,0,21,0,1,Very little,Low,Y
3,NMN,Single,4,274,14,0,1,0,21,0,1,Very little,Low,Y
3,NMN,Single,4,275,14,0,1,0,21,0,1,Very little,Low,Y
3,NMN,Single,4,276,14,0,1,0,21,0,1,Very little,Low,Y
3,NMN,Single,4,277,14,0,1,0,21,0,1,Very little,Low,Y
3,NMN,Single,4,278,14,0,1,0,21,0,1,Very little,Low,Y
3,NMN,Single,4,279,14,0,1,0,21,0,1,Very little,Low,Y
3,NMN,Single,4,280,14,0,1,0,24,0,1,Very little,Low,Y
3,NMN,Single,5,281,15,0,1,0,17,0,1,None,Low,None
3,NMN,Single,5,282,15,0,1,0,19,0,1,None,Low,None
3,NMN,Single,5,283,15,0,1,0,19,0,1,None,Low,None
3,NMN,Single,5,284,15,0,1,0,21,0,1,None,Low,None
3,NMN,Single,5,285,15,0,1,0,21,0,1,None,Low,None
3,NMN,Single,5,286,15,0,1,0,21,0,1,None,Low,None
3,NMN,Single,5,287,15,0,1,0,21,0,1,None,Low,None
3,NMN,Single,5,288,15,0,1,0,21,0,1,None,Low,None
3,NMN,Single,5,289,15,0,1,0,21,0,1,None,Low,None
3,NMN,Single,5,290,15,0,1,0,21,0,1,None,Low,None
3,NMN,Single,5,291,15,0,1,0,21,0,1,None,Low,None
3,NMN,Single,5,292,15,0,1,0,21,0,1,None,Low,None
3,NMN,Single,5,293,15,0,1,0,21,0,1,None,Low,None
3,NMN,Single,5,294,15,0,1,0,21,0,1,None,Low,None
3,NMN,Single,5,295,15,0,1,0,21,0,1,None,Low,None
3,NMN,Single,5,296,15,0,1,0,21,0,1,None,Low,None
3,NMN,Single,5,297,15,0,1,0,21,0,1,None,Low,None
3,NMN,Single,5,298,15,0,1,0,21,0,1,None,Low,None
3,NMN,Single,5,299,15,0,1,0,24,0,1,None,Low,None
3,NMN,Single,5,300,15,0,1,0,34,0,1,None,Low,None
4,CR,Single,1,301,16,0,0,1,15,0,1,None,Low,None
4,CR,Single,1,302,16,0,0,1,19,0,1,None,Low,None
4,CR,Single,1,303,16,0,0,1,21,0,1,None,Low,None
4,CR,Single,1,304,16,0,0,1,21,0,1,None,Low,None
4,CR,Single,1,305,16,0,0,1,21,0,1,None,Low,None
4,CR,Single,1,306,16,0,0,1,21,0,1,None,Low,None
4,CR,Single,1,307,16,0,0,1,21,0,1,None,Low,None
4,CR,Single,1,308,16,0,0,1,21,0,1,None,Low,None
4,CR,Single,1,309,16,0,0,1,21,0,1,None,Low,None
4,CR,Single,1,310,16,0,0,1,21,0,1,None,Low,None
4,CR,Single,1,311,16,0,0,1,21,0,1,None,Low,None
4,CR,Single,1,312,16,0,0,1,21,0,1,None,Low,None
4,CR,Single,1,313,16,0,0,1,21,0,1,None,Low,None
4,CR,Single,1,314,16,0,0,1,21,0,1,None,Low,None
4,CR,Single,1,315,16,0,0,1,21,0,1,None,Low,None
4,CR,Single,1,316,16,0,0,1,24,0,1,None,Low,None
4,CR,Single,1,317,16,0,0,1,24,0,1,None,Low,None
4,CR,Single,1,318,16,0,0,1,24,0,1,None,Low,None
4,CR,Single,1,319,16,0,0,1,24,0,1,None,Low,None
4,CR,Single,1,320,16,0,0,1,24,0,1,None,Low,None
4,CR,Single,2,321,17,0,0,1,6,0,1,None,Low,None
4,CR,Single,2,322,17,0,0,1,6,0,1,None,Low,None
4,CR,Single,2,323,17,0,0,1,6,0,1,None,Low,None
4,CR,Single,2,324,17,0,0,1,7,0,1,None,Low,None
4,CR,Single,2,325,17,0,0,1,7,0,1,None,Low,None
4,CR,Single,2,326,17,0,0,1,10,0,1,None,Low,None
4,CR,Single,2,327,17,0,0,1,11,0,1,None,Low,None
4,CR,Single,2,328,17,0,0,1,15,0,1,None,Low,None
4,CR,Single,2,329,17,0,0,1,16,0,1,None,Low,None
4,CR,Single,2,330,17,0,0,1,16,0,1,None,Low,None
4,CR,Single,2,331,17,0,0,1,17,0,1,None,Low,None
4,CR,Single,2,332,17,0,0,1,19,0,1,None,Low,None
4,CR,Single,2,333,17,0,0,1,19,0,1,None,Low,None
4,CR,Single,2,334,17,0,0,1,19,0,1,None,Low,None
4,CR,Single,2,335,17,0,0,1,19,0,1,None,Low,None
4,CR,Single,2,336,17,0,0,1,21,0,1,None,Low,None
4,CR,Single,2,337,17,0,0,1,21,0,1,None,Low,None
4,CR,Single,2,338,17,0,0,1,21,0,1,None,Low,None
4,CR,Single,2,339,17,0,0,1,21,0,1,None,Low,None
4,CR,Single,2,340,17,0,0,1,24,0,1,None,Low,None
4,CR,Single,3,341,18,0,0,1,7,1,0,None,Low,None
4,CR,Single,3,342,18,0,0,1,16,0,1,None,Low,None
4,CR,Single,3,343,18,0,0,1,17,0,1,None,Low,None
4,CR,Single,3,344,18,0,0,1,18,0,1,None,Low,None
4,CR,Single,3,345,18,0,0,1,19,0,1,None,Low,None
4,CR,Single,3,346,18,0,0,1,19,0,1,None,Low,None
4,CR,Single,3,347,18,0,0,1,19,0,1,None,Low,None
4,CR,Single,3,348,18,0,0,1,21,0,1,None,Low,None
4,CR,Single,3,349,18,0,0,1,21,0,1,None,Low,None
4,CR,Single,3,350,18,0,0,1,21,0,1,None,Low,None
4,CR,Single,3,351,18,0,0,1,21,0,1,None,Low,None
4,CR,Single,3,352,18,0,0,1,21,0,1,None,Low,None
4,CR,Single,3,353,18,0,0,1,21,0,1,None,Low,None
4,CR,Single,3,354,18,0,0,1,21,0,1,None,Low,None
4,CR,Single,3,355,18,0,0,1,21,0,1,None,Low,None
4,CR,Single,3,356,18,0,0,1,21,0,1,None,Low,None
4,CR,Single,3,357,18,0,0,1,24,0,1,None,Low,None
4,CR,Single,3,358,18,0,0,1,24,0,1,None,Low,None
4,CR,Single,3,359,18,0,0,1,24,1,0,None,Low,None
4,CR,Single,3,360,18,0,0,1,31,0,1,None,Low,None
4,CR,Single,4,361,19,0,0,1,3,1,0,Extensive,High,D
4,CR,Single,4,362,19,0,0,1,8,0,1,Extensive,High,D
4,CR,Single,4,363,19,0,0,1,11,1,0,Extensive,High,D
4,CR,Single,4,364,19,0,0,1,14,0,1,Extensive,High,D
4,CR,Single,4,365,19,0,0,1,14,0,1,Extensive,High,D
4,CR,Single,4,366,19,0,0,1,14,0,1,Extensive,High,D
4,CR,Single,4,367,19,0,0,1,14,0,1,Extensive,High,D
4,CR,Single,4,368,19,0,0,1,14,0,1,Extensive,High,D
4,CR,Single,4,369,19,0,0,1,14,0,1,Extensive,High,D
4,CR,Single,4,370,19,0,0,1,14,1,0,Extensive,High,D
4,CR,Single,4,371,19,0,0,1,14,1,0,Extensive,High,D
4,CR,Single,4,372,19,0,0,1,14,1,0,Extensive,High,D
4,CR,Single,4,373,19,0,0,1,15,0,1,Extensive,High,D
4,CR,Single,4,374,19,0,0,1,15,0,1,Extensive,High,D
4,CR,Single,4,375,19,0,0,1,16,0,1,Extensive,High,D
4,CR,Single,4,376,19,0,0,1,16,0,1,Extensive,High,D
4,CR,Single,4,377,19,0,0,1,17,0,1,Extensive,High,D
4,CR,Single,4,378,19,0,0,1,17,0,1,Extensive,High,D
4,CR,Single,4,379,19,0,0,1,18,0,1,Extensive,High,D
4,CR,Single,4,380,19,0,0,1,18,0,1,Extensive,High,D
4,CR,Single,5,381,20,0,0,1,3,1,0,None,Low,None
4,CR,Single,5,382,20,0,0,1,6,0,1,None,Low,None
4,CR,Single,5,383,20,0,0,1,7,0,1,None,Low,None
4,CR,Single,5,384,20,0,0,1,12,0,1,None,Low,None
4,CR,Single,5,385,20,0,0,1,15,0,1,None,Low,None
4,CR,Single,5,386,20,0,0,1,15,0,1,None,Low,None
4,CR,Single,5,387,20,0,0,1,16,0,1,None,Low,None
4,CR,Single,5,388,20,0,0,1,17,0,1,None,Low,None
4,CR,Single,5,389,20,0,0,1,17,0,1,None,Low,None
4,CR,Single,5,390,20,0,0,1,17,0,1,None,Low,None
4,CR,Single,5,391,20,0,0,1,18,0,1,None,Low,None
4,CR,Single,5,392,20,0,0,1,18,0,1,None,Low,None
4,CR,Single,5,393,20,0,0,1,18,0,1,None,Low,None
4,CR,Single,5,394,20,0,0,1,18,0,1,None,Low,None
4,CR,Single,5,395,20,0,0,1,19,0,1,None,Low,None
4,CR,Single,5,396,20,0,0,1,19,0,1,None,Low,None
4,CR,Single,5,397,20,0,0,1,19,0,1,None,Low,None
4,CR,Single,5,398,20,0,0,1,19,0,1,None,Low,None
4,CR,Single,5,399,20,0,0,1,21,0,1,None,Low,None
4,CR,Single,5,400,20,0,0,1,24,0,1,None,Low,None
5,MET_NMN,Combination,1,401,21,1,1,0,19,1,0,None,Low,None
5,MET_NMN,Combination,1,402,21,1,1,0,19,0,1,None,Low,None
5,MET_NMN,Combination,1,403,21,1,1,0,21,0,1,None,Low,None
5,MET_NMN,Combination,1,404,21,1,1,0,21,0,1,None,Low,None
5,MET_NMN,Combination,1,405,21,1,1,0,21,0,1,None,Low,None
5,MET_NMN,Combination,1,406,21,1,1,0,21,0,1,None,Low,None
5,MET_NMN,Combination,1,407,21,1,1,0,21,0,1,None,Low,None
5,MET_NMN,Combination,1,408,21,1,1,0,21,0,1,None,Low,None
5,MET_NMN,Combination,1,409,21,1,1,0,21,0,1,None,Low,None
5,MET_NMN,Combination,1,410,21,1,1,0,21,0,1,None,Low,None
5,MET_NMN,Combination,1,411,21,1,1,0,21,0,1,None,Low,None
5,MET_NMN,Combination,1,412,21,1,1,0,24,1,0,None,Low,None
5,MET_NMN,Combination,1,413,21,1,1,0,24,1,0,None,Low,None
5,MET_NMN,Combination,1,414,21,1,1,0,24,0,1,None,Low,None
5,MET_NMN,Combination,1,415,21,1,1,0,24,0,1,None,Low,None
5,MET_NMN,Combination,1,416,21,1,1,0,24,0,1,None,Low,None
5,MET_NMN,Combination,1,417,21,1,1,0,24,0,1,None,Low,None
5,MET_NMN,Combination,1,418,21,1,1,0,26,0,1,None,Low,None
5,MET_NMN,Combination,1,419,21,1,1,0,28,0,1,None,Low,None
5,MET_NMN,Combination,1,420,21,1,1,0,30,0,1,None,Low,None
5,MET_NMN,Combination,2,421,22,1,1,0,21,0,1,None,Low,None
5,MET_NMN,Combination,2,422,22,1,1,0,21,0,1,None,Low,None
5,MET_NMN,Combination,2,423,22,1,1,0,21,0,1,None,Low,None
5,MET_NMN,Combination,2,424,22,1,1,0,21,0,1,None,Low,None
5,MET_NMN,Combination,2,425,22,1,1,0,21,0,1,None,Low,None
5,MET_NMN,Combination,2,426,22,1,1,0,21,0,1,None,Low,None
5,MET_NMN,Combination,2,427,22,1,1,0,21,0,1,None,Low,None
5,MET_NMN,Combination,2,428,22,1,1,0,21,0,1,None,Low,None
5,MET_NMN,Combination,2,429,22,1,1,0,21,0,1,None,Low,None
5,MET_NMN,Combination,2,430,22,1,1,0,21,0,1,None,Low,None
5,MET_NMN,Combination,2,431,22,1,1,0,21,0,1,None,Low,None
5,MET_NMN,Combination,2,432,22,1,1,0,21,0,1,None,Low,None
5,MET_NMN,Combination,2,433,22,1,1,0,21,0,1,None,Low,None
5,MET_NMN,Combination,2,434,22,1,1,0,21,0,1,None,Low,None
5,MET_NMN,Combination,2,435,22,1,1,0,21,0,1,None,Low,None
5,MET_NMN,Combination,2,436,22,1,1,0,24,0,1,None,Low,None
5,MET_NMN,Combination,2,437,22,1,1,0,24,0,1,None,Low,None
5,MET_NMN,Combination,2,438,22,1,1,0,24,0,1,None,Low,None
5,MET_NMN,Combination,2,439,22,1,1,0,24,0,1,None,Low,None
5,MET_NMN,Combination,2,440,22,1,1,0,25,0,1,None,Low,None
5,MET_NMN,Combination,3,441,23,1,1,0,3,1,0,Reasonable,High,D
5,MET_NMN,Combination,3,442,23,1,1,0,11,0,1,Reasonable,High,D
5,MET_NMN,Combination,3,443,23,1,1,0,11,0,1,Reasonable,High,D
5,MET_NMN,Combination,3,444,23,1,1,0,12,1,0,Reasonable,High,D
5,MET_NMN,Combination,3,445,23,1,1,0,12,1,0,Reasonable,High,D
5,MET_NMN,Combination,3,446,23,1,1,0,14,0,1,Reasonable,High,D
5,MET_NMN,Combination,3,447,23,1,1,0,14,0,1,Reasonable,High,D
5,MET_NMN,Combination,3,448,23,1,1,0,14,0,1,Reasonable,High,D
5,MET_NMN,Combination,3,449,23,1,1,0,14,0,1,Reasonable,High,D
5,MET_NMN,Combination,3,450,23,1,1,0,15,0,1,Reasonable,High,D
5,MET_NMN,Combination,3,451,23,1,1,0,16,0,1,Reasonable,High,D
5,MET_NMN,Combination,3,452,23,1,1,0,17,0,1,Reasonable,High,D
5,MET_NMN,Combination,3,453,23,1,1,0,17,0,1,Reasonable,High,D
5,MET_NMN,Combination,3,454,23,1,1,0,17,0,1,Reasonable,High,D
5,MET_NMN,Combination,3,455,23,1,1,0,18,0,1,Reasonable,High,D
5,MET_NMN,Combination,3,456,23,1,1,0,18,0,1,Reasonable,High,D
5,MET_NMN,Combination,3,457,23,1,1,0,19,0,1,Reasonable,High,D
5,MET_NMN,Combination,3,458,23,1,1,0,21,0,1,Reasonable,High,D
5,MET_NMN,Combination,3,459,23,1,1,0,21,0,1,Reasonable,High,D
5,MET_NMN,Combination,3,460,23,1,1,0,21,0,1,Reasonable,High,D
5,MET_NMN,Combination,4,461,24,1,1,0,11,0,1,None,Low,None
5,MET_NMN,Combination,4,462,24,1,1,0,19,0,1,None,Low,None
5,MET_NMN,Combination,4,463,24,1,1,0,21,0,1,None,Low,None
5,MET_NMN,Combination,4,464,24,1,1,0,21,0,1,None,Low,None
5,MET_NMN,Combination,4,465,24,1,1,0,21,0,1,None,Low,None
5,MET_NMN,Combination,4,466,24,1,1,0,21,0,1,None,Low,None
5,MET_NMN,Combination,4,467,24,1,1,0,21,0,1,None,Low,None
5,MET_NMN,Combination,4,468,24,1,1,0,21,0,1,None,Low,None
5,MET_NMN,Combination,4,469,24,1,1,0,21,0,1,None,Low,None
5,MET_NMN,Combination,4,470,24,1,1,0,21,0,1,None,Low,None
5,MET_NMN,Combination,4,471,24,1,1,0,21,0,1,None,Low,None
5,MET_NMN,Combination,4,472,24,1,1,0,21,0,1,None,Low,None
5,MET_NMN,Combination,4,473,24,1,1,0,21,0,1,None,Low,None
5,MET_NMN,Combination,4,474,24,1,1,0,21,0,1,None,Low,None
5,MET_NMN,Combination,4,475,24,1,1,0,21,0,1,None,Low,None
5,MET_NMN,Combination,4,476,24,1,1,0,21,0,1,None,Low,None
5,MET_NMN,Combination,4,477,24,1,1,0,24,0,1,None,Low,None
5,MET_NMN,Combination,4,478,24,1,1,0,24,0,1,None,Low,None
5,MET_NMN,Combination,4,479,24,1,1,0,25,0,1,None,Low,None
5,MET_NMN,Combination,4,480,24,1,1,0,25,0,1,None,Low,None
5,MET_NMN,Combination,5,481,25,1,1,0,16,0,1,None,Low,None
5,MET_NMN,Combination,5,482,25,1,1,0,21,0,1,None,Low,None
5,MET_NMN,Combination,5,483,25,1,1,0,21,0,1,None,Low,None
5,MET_NMN,Combination,5,484,25,1,1,0,21,0,1,None,Low,None
5,MET_NMN,Combination,5,485,25,1,1,0,21,0,1,None,Low,None
5,MET_NMN,Combination,5,486,25,1,1,0,21,0,1,None,Low,None
5,MET_NMN,Combination,5,487,25,1,1,0,21,0,1,None,Low,None
5,MET_NMN,Combination,5,488,25,1,1,0,21,0,1,None,Low,None
5,MET_NMN,Combination,5,489,25,1,1,0,21,0,1,None,Low,None
5,MET_NMN,Combination,5,490,25,1,1,0,21,0,1,None,Low,None
5,MET_NMN,Combination,5,491,25,1,1,0,21,0,1,None,Low,None
5,MET_NMN,Combination,5,492,25,1,1,0,21,0,1,None,Low,None
5,MET_NMN,Combination,5,493,25,1,1,0,21,0,1,None,Low,None
5,MET_NMN,Combination,5,494,25,1,1,0,21,0,1,None,Low,None
5,MET_NMN,Combination,5,495,25,1,1,0,21,0,1,None,Low,None
5,MET_NMN,Combination,5,496,25,1,1,0,21,0,1,None,Low,None
5,MET_NMN,Combination,5,497,25,1,1,0,21,0,1,None,Low,None
5,MET_NMN,Combination,5,498,25,1,1,0,21,0,1,None,Low,None
5,MET_NMN,Combination,5,499,25,1,1,0,21,0,1,None,Low,None
5,MET_NMN,Combination,5,500,25,1,1,0,24,0,1,None,Low,None
6,MET_CR,Combination,1,501,26,1,0,1,3,1,0,Some,Low,D
6,MET_CR,Combination,1,502,26,1,0,1,5,0,1,Some,Low,D
6,MET_CR,Combination,1,503,26,1,0,1,5,0,1,Some,Low,D
6,MET_CR,Combination,1,504,26,1,0,1,5,0,1,Some,Low,D
6,MET_CR,Combination,1,505,26,1,0,1,5,0,1,Some,Low,D
6,MET_CR,Combination,1,506,26,1,0,1,5,0,1,Some,Low,D
6,MET_CR,Combination,1,507,26,1,0,1,5,0,1,Some,Low,D
6,MET_CR,Combination,1,508,26,1,0,1,6,0,1,Some,Low,D
6,MET_CR,Combination,1,509,26,1,0,1,6,0,1,Some,Low,D
6,MET_CR,Combination,1,510,26,1,0,1,11,0,1,Some,Low,D
6,MET_CR,Combination,1,511,26,1,0,1,12,0,1,Some,Low,D
6,MET_CR,Combination,1,512,26,1,0,1,14,0,1,Some,Low,D
6,MET_CR,Combination,1,513,26,1,0,1,14,0,1,Some,Low,D
6,MET_CR,Combination,1,514,26,1,0,1,15,0,1,Some,Low,D
6,MET_CR,Combination,1,515,26,1,0,1,18,0,1,Some,Low,D
6,MET_CR,Combination,1,516,26,1,0,1,19,0,1,Some,Low,D
6,MET_CR,Combination,1,517,26,1,0,1,19,0,1,Some,Low,D
6,MET_CR,Combination,1,518,26,1,0,1,19,0,1,Some,Low,D
6,MET_CR,Combination,1,519,26,1,0,1,24,0,1,Some,Low,D
6,MET_CR,Combination,1,520,26,1,0,1,28,0,1,Some,Low,D
6,MET_CR,Combination,2,521,27,1,0,1,3,1,0,None,Low,None
6,MET_CR,Combination,2,522,27,1,0,1,3,1,0,None,Low,None
6,MET_CR,Combination,2,523,27,1,0,1,3,1,0,None,Low,None
6,MET_CR,Combination,2,524,27,1,0,1,5,0,1,None,Low,None
6,MET_CR,Combination,2,525,27,1,0,1,5,0,1,None,Low,None
6,MET_CR,Combination,2,526,27,1,0,1,5,0,1,None,Low,None
6,MET_CR,Combination,2,527,27,1,0,1,5,0,1,None,Low,None
6,MET_CR,Combination,2,528,27,1,0,1,6,0,1,None,Low,None
6,MET_CR,Combination,2,529,27,1,0,1,6,0,1,None,Low,None
6,MET_CR,Combination,2,530,27,1,0,1,7,0,1,None,Low,None
6,MET_CR,Combination,2,531,27,1,0,1,7,0,1,None,Low,None
6,MET_CR,Combination,2,532,27,1,0,1,7,0,1,None,Low,None
6,MET_CR,Combination,2,533,27,1,0,1,11,0,1,None,Low,None
6,MET_CR,Combination,2,534,27,1,0,1,11,0,1,None,Low,None
6,MET_CR,Combination,2,535,27,1,0,1,12,0,1,None,Low,None
6,MET_CR,Combination,2,536,27,1,0,1,13,0,1,None,Low,None
6,MET_CR,Combination,2,537,27,1,0,1,16,0,1,None,Low,None
6,MET_CR,Combination,2,538,27,1,0,1,17,0,1,None,Low,None
6,MET_CR,Combination,2,539,27,1,0,1,19,0,1,None,Low,None
6,MET_CR,Combination,2,540,27,1,0,1,19,0,1,None,Low,None
6,MET_CR,Combination,3,541,28,1,0,1,3,1,0,Extensive,High,D
6,MET_CR,Combination,3,542,28,1,0,1,3,1,0,Extensive,High,D
6,MET_CR,Combination,3,543,28,1,0,1,3,1,0,Extensive,High,D
6,MET_CR,Combination,3,544,28,1,0,1,5,0,1,Extensive,High,D
6,MET_CR,Combination,3,545,28,1,0,1,7,0,1,Extensive,High,D
6,MET_CR,Combination,3,546,28,1,0,1,12,1,0,Extensive,High,D
6,MET_CR,Combination,3,547,28,1,0,1,12,0,1,Extensive,High,D
6,MET_CR,Combination,3,548,28,1,0,1,14,0,1,Extensive,High,D
6,MET_CR,Combination,3,549,28,1,0,1,15,0,1,Extensive,High,D
6,MET_CR,Combination,3,550,28,1,0,1,18,1,0,Extensive,High,D
6,MET_CR,Combination,3,551,28,1,0,1,18,0,1,Extensive,High,D
6,MET_CR,Combination,3,552,28,1,0,1,19,1,0,Extensive,High,D
6,MET_CR,Combination,3,553,28,1,0,1,19,0,1,Extensive,High,D
6,MET_CR,Combination,3,554,28,1,0,1,19,0,1,Extensive,High,D
6,MET_CR,Combination,3,555,28,1,0,1,21,0,1,Extensive,High,D
6,MET_CR,Combination,3,556,28,1,0,1,21,0,1,Extensive,High,D
6,MET_CR,Combination,3,557,28,1,0,1,24,0,1,Extensive,High,D
6,MET_CR,Combination,3,558,28,1,0,1,24,0,1,Extensive,High,D
6,MET_CR,Combination,3,559,28,1,0,1,24,0,1,Extensive,High,D
6,MET_CR,Combination,3,560,28,1,0,1,24,0,1,Extensive,High,D
6,MET_CR,Combination,4,561,29,1,0,1,3,1,0,Extensive,High,D
6,MET_CR,Combination,4,562,29,1,0,1,3,1,0,Extensive,High,D
6,MET_CR,Combination,4,563,29,1,0,1,3,1,0,Extensive,High,D
6,MET_CR,Combination,4,564,29,1,0,1,5,0,1,Extensive,High,D
6,MET_CR,Combination,4,565,29,1,0,1,6,0,1,Extensive,High,D
6,MET_CR,Combination,4,566,29,1,0,1,9,0,1,Extensive,High,D
6,MET_CR,Combination,4,567,29,1,0,1,10,0,1,Extensive,High,D
6,MET_CR,Combination,4,568,29,1,0,1,14,1,0,Extensive,High,D
6,MET_CR,Combination,4,569,29,1,0,1,15,0,1,Extensive,High,D
6,MET_CR,Combination,4,570,29,1,0,1,16,0,1,Extensive,High,D
6,MET_CR,Combination,4,571,29,1,0,1,17,0,1,Extensive,High,D
6,MET_CR,Combination,4,572,29,1,0,1,17,0,1,Extensive,High,D
6,MET_CR,Combination,4,573,29,1,0,1,18,0,1,Extensive,High,D
6,MET_CR,Combination,4,574,29,1,0,1,18,0,1,Extensive,High,D
6,MET_CR,Combination,4,575,29,1,0,1,19,0,1,Extensive,High,D
6,MET_CR,Combination,4,576,29,1,0,1,19,0,1,Extensive,High,D
6,MET_CR,Combination,4,577,29,1,0,1,19,0,1,Extensive,High,D
6,MET_CR,Combination,4,578,29,1,0,1,21,0,1,Extensive,High,D
6,MET_CR,Combination,4,579,29,1,0,1,24,0,1,Extensive,High,D
6,MET_CR,Combination,4,580,29,1,0,1,24,0,1,Extensive,High,D
6,MET_CR,Combination,5,581,30,1,0,1,3,1,0,Extensive,High,D
6,MET_CR,Combination,5,582,30,1,0,1,3,1,0,Extensive,High,D
6,MET_CR,Combination,5,583,30,1,0,1,3,1,0,Extensive,High,D
6,MET_CR,Combination,5,584,30,1,0,1,3,1,0,Extensive,High,D
6,MET_CR,Combination,5,585,30,1,0,1,5,0,1,Extensive,High,D
6,MET_CR,Combination,5,586,30,1,0,1,6,0,1,Extensive,High,D
6,MET_CR,Combination,5,587,30,1,0,1,6,0,1,Extensive,High,D
6,MET_CR,Combination,5,588,30,1,0,1,6,0,1,Extensive,High,D
6,MET_CR,Combination,5,589,30,1,0,1,6,0,1,Extensive,High,D
6,MET_CR,Combination,5,590,30,1,0,1,6,0,1,Extensive,High,D
6,MET_CR,Combination,5,591,30,1,0,1,6,0,1,Extensive,High,D
6,MET_CR,Combination,5,592,30,1,0,1,7,1,0,Extensive,High,D
6,MET_CR,Combination,5,593,30,1,0,1,7,1,0,Extensive,High,D
6,MET_CR,Combination,5,594,30,1,0,1,7,1,0,Extensive,High,D
6,MET_CR,Combination,5,595,30,1,0,1,8,0,1,Extensive,High,D
6,MET_CR,Combination,5,596,30,1,0,1,11,0,1,Extensive,High,D
6,MET_CR,Combination,5,597,30,1,0,1,13,0,1,Extensive,High,D
6,MET_CR,Combination,5,598,30,1,0,1,13,0,1,Extensive,High,D
6,MET_CR,Combination,5,599,30,1,0,1,14,0,1,Extensive,High,D
6,MET_CR,Combination,5,600,30,1,0,1,17,0,1,Extensive,High,D
7,NMN_CR,Combination,1,601,31,0,1,1,3,1,0,Extensive,High,Y
7,NMN_CR,Combination,1,602,31,0,1,1,3,1,0,Extensive,High,Y
7,NMN_CR,Combination,1,603,31,0,1,1,11,1,0,Extensive,High,Y
7,NMN_CR,Combination,1,604,31,0,1,1,12,1,0,Extensive,High,Y
7,NMN_CR,Combination,1,605,31,0,1,1,12,1,0,Extensive,High,Y
7,NMN_CR,Combination,1,606,31,0,1,1,15,0,1,Extensive,High,Y
7,NMN_CR,Combination,1,607,31,0,1,1,19,1,0,Extensive,High,Y
7,NMN_CR,Combination,1,608,31,0,1,1,21,0,1,Extensive,High,Y
7,NMN_CR,Combination,1,609,31,0,1,1,21,0,1,Extensive,High,Y
7,NMN_CR,Combination,1,610,31,0,1,1,21,0,1,Extensive,High,Y
7,NMN_CR,Combination,1,611,31,0,1,1,21,0,1,Extensive,High,Y
7,NMN_CR,Combination,1,612,31,0,1,1,25,0,1,Extensive,High,Y
7,NMN_CR,Combination,1,613,31,0,1,1,25,0,1,Extensive,High,Y
7,NMN_CR,Combination,1,614,31,0,1,1,26,0,1,Extensive,High,Y
7,NMN_CR,Combination,1,615,31,0,1,1,26,0,1,Extensive,High,Y
7,NMN_CR,Combination,1,616,31,0,1,1,26,0,1,Extensive,High,Y
7,NMN_CR,Combination,1,617,31,0,1,1,27,0,1,Extensive,High,Y
7,NMN_CR,Combination,1,618,31,0,1,1,27,0,1,Extensive,High,Y
7,NMN_CR,Combination,1,619,31,0,1,1,29,0,1,Extensive,High,Y
7,NMN_CR,Combination,1,620,31,0,1,1,34,0,1,Extensive,High,Y
7,NMN_CR,Combination,2,621,32,0,1,1,4,1,0,Some,Low,D_Y
7,NMN_CR,Combination,2,622,32,0,1,1,11,1,0,Some,Low,D_Y
7,NMN_CR,Combination,2,623,32,0,1,1,14,0,1,Some,Low,D_Y
7,NMN_CR,Combination,2,624,32,0,1,1,15,0,1,Some,Low,D_Y
7,NMN_CR,Combination,2,625,32,0,1,1,24,1,0,Some,Low,D_Y
7,NMN_CR,Combination,2,626,32,0,1,1,24,0,1,Some,Low,D_Y
7,NMN_CR,Combination,2,627,32,0,1,1,24,0,1,Some,Low,D_Y
7,NMN_CR,Combination,2,628,32,0,1,1,25,0,1,Some,Low,D_Y
7,NMN_CR,Combination,2,629,32,0,1,1,25,0,1,Some,Low,D_Y
7,NMN_CR,Combination,2,630,32,0,1,1,27,0,1,Some,Low,D_Y
7,NMN_CR,Combination,2,631,32,0,1,1,29,0,1,Some,Low,D_Y
7,NMN_CR,Combination,2,632,32,0,1,1,29,0,1,Some,Low,D_Y
7,NMN_CR,Combination,2,633,32,0,1,1,29,0,1,Some,Low,D_Y
7,NMN_CR,Combination,2,634,32,0,1,1,29,0,1,Some,Low,D_Y
7,NMN_CR,Combination,2,635,32,0,1,1,31,0,1,Some,Low,D_Y
7,NMN_CR,Combination,2,636,32,0,1,1,31,0,1,Some,Low,D_Y
7,NMN_CR,Combination,2,637,32,0,1,1,32,0,1,Some,Low,D_Y
7,NMN_CR,Combination,2,638,32,0,1,1,33,0,1,Some,Low,D_Y
7,NMN_CR,Combination,2,639,32,0,1,1,35,0,1,Some,Low,D_Y
7,NMN_CR,Combination,2,640,32,0,1,1,36,0,1,Some,Low,D_Y
7,NMN_CR,Combination,3,641,33,0,1,1,4,1,0,Extensive,High,D
7,NMN_CR,Combination,3,642,33,0,1,1,7,1,0,Extensive,High,D
7,NMN_CR,Combination,3,643,33,0,1,1,8,1,0,Extensive,High,D
7,NMN_CR,Combination,3,644,33,0,1,1,11,1,0,Extensive,High,D
7,NMN_CR,Combination,3,645,33,0,1,1,12,1,0,Extensive,High,D
7,NMN_CR,Combination,3,646,33,0,1,1,12,0,1,Extensive,High,D
7,NMN_CR,Combination,3,647,33,0,1,1,14,0,1,Extensive,High,D
7,NMN_CR,Combination,3,648,33,0,1,1,14,0,1,Extensive,High,D
7,NMN_CR,Combination,3,649,33,0,1,1,15,0,1,Extensive,High,D
7,NMN_CR,Combination,3,650,33,0,1,1,16,0,1,Extensive,High,D
7,NMN_CR,Combination,3,651,33,0,1,1,17,0,1,Extensive,High,D
7,NMN_CR,Combination,3,652,33,0,1,1,17,0,1,Extensive,High,D
7,NMN_CR,Combination,3,653,33,0,1,1,17,0,1,Extensive,High,D
7,NMN_CR,Combination,3,654,33,0,1,1,17,0,1,Extensive,High,D
7,NMN_CR,Combination,3,655,33,0,1,1,18,1,0,Extensive,High,D
7,NMN_CR,Combination,3,656,33,0,1,1,18,0,1,Extensive,High,D
7,NMN_CR,Combination,3,657,33,0,1,1,19,0,1,Extensive,High,D
7,NMN_CR,Combination,3,658,33,0,1,1,19,0,1,Extensive,High,D
7,NMN_CR,Combination,3,659,33,0,1,1,21,0,1,Extensive,High,D
7,NMN_CR,Combination,3,660,33,0,1,1,24,0,1,Extensive,High,D
7,NMN_CR,Combination,4,661,34,0,1,1,11,1,0,Extensive,High,D_Y
7,NMN_CR,Combination,4,662,34,0,1,1,11,0,1,Extensive,High,D_Y
7,NMN_CR,Combination,4,663,34,0,1,1,12,1,0,Extensive,High,D_Y
7,NMN_CR,Combination,4,664,34,0,1,1,12,1,0,Extensive,High,D_Y
7,NMN_CR,Combination,4,665,34,0,1,1,12,1,0,Extensive,High,D_Y
7,NMN_CR,Combination,4,666,34,0,1,1,16,0,1,Extensive,High,D_Y
7,NMN_CR,Combination,4,667,34,0,1,1,16,0,1,Extensive,High,D_Y
7,NMN_CR,Combination,4,668,34,0,1,1,16,0,1,Extensive,High,D_Y
7,NMN_CR,Combination,4,669,34,0,1,1,18,0,1,Extensive,High,D_Y
7,NMN_CR,Combination,4,670,34,0,1,1,18,0,1,Extensive,High,D_Y
7,NMN_CR,Combination,4,671,34,0,1,1,19,0,1,Extensive,High,D_Y
7,NMN_CR,Combination,4,672,34,0,1,1,19,0,1,Extensive,High,D_Y
7,NMN_CR,Combination,4,673,34,0,1,1,21,0,1,Extensive,High,D_Y
7,NMN_CR,Combination,4,674,34,0,1,1,21,0,1,Extensive,High,D_Y
7,NMN_CR,Combination,4,675,34,0,1,1,21,0,1,Extensive,High,D_Y
7,NMN_CR,Combination,4,676,34,0,1,1,21,0,1,Extensive,High,D_Y
7,NMN_CR,Combination,4,677,34,0,1,1,21,0,1,Extensive,High,D_Y
7,NMN_CR,Combination,4,678,34,0,1,1,21,0,1,Extensive,High,D_Y
7,NMN_CR,Combination,4,679,34,0,1,1,24,0,1,Extensive,High,D_Y
7,NMN_CR,Combination,4,680,34,0,1,1,29,0,1,Extensive,High,D_Y
7,NMN_CR,Combination,5,681,35,0,1,1,4,1,0,Extensive,High,D
7,NMN_CR,Combination,5,682,35,0,1,1,7,1,0,Extensive,High,D
7,NMN_CR,Combination,5,683,35,0,1,1,10,0,1,Extensive,High,D
7,NMN_CR,Combination,5,684,35,0,1,1,11,1,0,Extensive,High,D
7,NMN_CR,Combination,5,685,35,0,1,1,11,0,1,Extensive,High,D
7,NMN_CR,Combination,5,686,35,0,1,1,12,0,1,Extensive,High,D
7,NMN_CR,Combination,5,687,35,0,1,1,14,0,1,Extensive,High,D
7,NMN_CR,Combination,5,688,35,0,1,1,14,0,1,Extensive,High,D
7,NMN_CR,Combination,5,689,35,0,1,1,14,0,1,Extensive,High,D
7,NMN_CR,Combination,5,690,35,0,1,1,14,0,1,Extensive,High,D
7,NMN_CR,Combination,5,691,35,0,1,1,15,0,1,Extensive,High,D
7,NMN_CR,Combination,5,692,35,0,1,1,16,0,1,Extensive,High,D
7,NMN_CR,Combination,5,693,35,0,1,1,17,0,1,Extensive,High,D
7,NMN_CR,Combination,5,694,35,0,1,1,17,0,1,Extensive,High,D
7,NMN_CR,Combination,5,695,35,0,1,1,18,0,1,Extensive,High,D
7,NMN_CR,Combination,5,696,35,0,1,1,18,0,1,Extensive,High,D
7,NMN_CR,Combination,5,697,35,0,1,1,21,0,1,Extensive,High,D
7,NMN_CR,Combination,5,698,35,0,1,1,24,0,1,Extensive,High,D
7,NMN_CR,Combination,5,699,35,0,1,1,24,0,1,Extensive,High,D
7,NMN_CR,Combination,5,700,35,0,1,1,24,0,1,Extensive,High,D
8,MET_NMN_CR,Combination,1,701,36,1,1,1,3,1,0,Extensive,High,D
8,MET_NMN_CR,Combination,1,702,36,1,1,1,11,1,0,Extensive,High,D
8,MET_NMN_CR,Combination,1,703,36,1,1,1,13,0,1,Extensive,High,D
8,MET_NMN_CR,Combination,1,704,36,1,1,1,14,1,0,Extensive,High,D
8,MET_NMN_CR,Combination,1,705,36,1,1,1,14,0,1,Extensive,High,D
8,MET_NMN_CR,Combination,1,706,36,1,1,1,14,0,1,Extensive,High,D
8,MET_NMN_CR,Combination,1,707,36,1,1,1,14,0,1,Extensive,High,D
8,MET_NMN_CR,Combination,1,708,36,1,1,1,14,0,1,Extensive,High,D
8,MET_NMN_CR,Combination,1,709,36,1,1,1,14,0,1,Extensive,High,D
8,MET_NMN_CR,Combination,1,710,36,1,1,1,14,0,1,Extensive,High,D
8,MET_NMN_CR,Combination,1,711,36,1,1,1,14,0,1,Extensive,High,D
8,MET_NMN_CR,Combination,1,712,36,1,1,1,15,0,1,Extensive,High,D
8,MET_NMN_CR,Combination,1,713,36,1,1,1,16,0,1,Extensive,High,D
8,MET_NMN_CR,Combination,1,714,36,1,1,1,16,0,1,Extensive,High,D
8,MET_NMN_CR,Combination,1,715,36,1,1,1,16,0,1,Extensive,High,D
8,MET_NMN_CR,Combination,1,716,36,1,1,1,16,0,1,Extensive,High,D
8,MET_NMN_CR,Combination,1,717,36,1,1,1,17,0,1,Extensive,High,D
8,MET_NMN_CR,Combination,1,718,36,1,1,1,17,0,1,Extensive,High,D
8,MET_NMN_CR,Combination,1,719,36,1,1,1,17,0,1,Extensive,High,D
8,MET_NMN_CR,Combination,1,720,36,1,1,1,21,0,1,Extensive,High,D
8,MET_NMN_CR,Combination,2,721,37,1,1,1,1,1,0,Extensive,High,D
8,MET_NMN_CR,Combination,2,722,37,1,1,1,3,1,0,Extensive,High,D
8,MET_NMN_CR,Combination,2,723,37,1,1,1,7,1,0,Extensive,High,D
8,MET_NMN_CR,Combination,2,724,37,1,1,1,10,0,1,Extensive,High,D
8,MET_NMN_CR,Combination,2,725,37,1,1,1,10,0,1,Extensive,High,D
8,MET_NMN_CR,Combination,2,726,37,1,1,1,11,0,1,Extensive,High,D
8,MET_NMN_CR,Combination,2,727,37,1,1,1,11,0,1,Extensive,High,D
8,MET_NMN_CR,Combination,2,728,37,1,1,1,11,0,1,Extensive,High,D
8,MET_NMN_CR,Combination,2,729,37,1,1,1,13,0,1,Extensive,High,D
8,MET_NMN_CR,Combination,2,730,37,1,1,1,13,0,1,Extensive,High,D
8,MET_NMN_CR,Combination,2,731,37,1,1,1,13,0,1,Extensive,High,D
8,MET_NMN_CR,Combination,2,732,37,1,1,1,14,0,1,Extensive,High,D
8,MET_NMN_CR,Combination,2,733,37,1,1,1,14,0,1,Extensive,High,D
8,MET_NMN_CR,Combination,2,734,37,1,1,1,15,0,1,Extensive,High,D
8,MET_NMN_CR,Combination,2,735,37,1,1,1,16,0,1,Extensive,High,D
8,MET_NMN_CR,Combination,2,736,37,1,1,1,16,0,1,Extensive,High,D
8,MET_NMN_CR,Combination,2,737,37,1,1,1,16,0,1,Extensive,High,D
8,MET_NMN_CR,Combination,2,738,37,1,1,1,18,1,0,Extensive,High,D
8,MET_NMN_CR,Combination,2,739,37,1,1,1,18,0,1,Extensive,High,D
8,MET_NMN_CR,Combination,2,740,37,1,1,1,21,0,1,Extensive,High,D
8,MET_NMN_CR,Combination,3,741,38,1,1,1,3,1,0,Some,Low,D
8,MET_NMN_CR,Combination,3,742,38,1,1,1,11,0,1,Some,Low,D
8,MET_NMN_CR,Combination,3,743,38,1,1,1,12,1,0,Some,Low,D
8,MET_NMN_CR,Combination,3,744,38,1,1,1,19,0,1,Some,Low,D
8,MET_NMN_CR,Combination,3,745,38,1,1,1,19,0,1,Some,Low,D
8,MET_NMN_CR,Combination,3,746,38,1,1,1,21,0,1,Some,Low,D
8,MET_NMN_CR,Combination,3,747,38,1,1,1,21,0,1,Some,Low,D
8,MET_NMN_CR,Combination,3,748,38,1,1,1,24,0,1,Some,Low,D
8,MET_NMN_CR,Combination,3,749,38,1,1,1,24,0,1,Some,Low,D
8,MET_NMN_CR,Combination,3,750,38,1,1,1,24,0,1,Some,Low,D
8,MET_NMN_CR,Combination,3,751,38,1,1,1,25,0,1,Some,Low,D
8,MET_NMN_CR,Combination,3,752,38,1,1,1,27,0,1,Some,Low,D
8,MET_NMN_CR,Combination,3,753,38,1,1,1,27,0,1,Some,Low,D
8,MET_NMN_CR,Combination,3,754,38,1,1,1,29,0,1,Some,Low,D
8,MET_NMN_CR,Combination,3,755,38,1,1,1,33,0,1,Some,Low,D
8,MET_NMN_CR,Combination,3,756,38,1,1,1,34,0,1,Some,Low,D
8,MET_NMN_CR,Combination,3,757,38,1,1,1,37,0,1,Some,Low,D
8,MET_NMN_CR,Combination,3,758,38,1,1,1,37,0,1,Some,Low,D
8,MET_NMN_CR,Combination,3,759,38,1,1,1,39,0,1,Some,Low,D
8,MET_NMN_CR,Combination,3,760,38,1,1,1,39,0,1,Some,Low,D
8,MET_NMN_CR,Combination,4,761,39,1,1,1,3,1,0,Reasonable,High,D_Y
8,MET_NMN_CR,Combination,4,762,39,1,1,1,3,1,0,Reasonable,High,D_Y
8,MET_NMN_CR,Combination,4,763,39,1,1,1,14,1,0,Reasonable,High,D_Y
8,MET_NMN_CR,Combination,4,764,39,1,1,1,14,1,0,Reasonable,High,D_Y
8,MET_NMN_CR,Combination,4,765,39,1,1,1,14,1,0,Reasonable,High,D_Y
8,MET_NMN_CR,Combination,4,766,39,1,1,1,15,0,1,Reasonable,High,D_Y
8,MET_NMN_CR,Combination,4,767,39,1,1,1,15,0,1,Reasonable,High,D_Y
8,MET_NMN_CR,Combination,4,768,39,1,1,1,19,0,1,Reasonable,High,D_Y
8,MET_NMN_CR,Combination,4,769,39,1,1,1,19,0,1,Reasonable,High,D_Y
8,MET_NMN_CR,Combination,4,770,39,1,1,1,19,0,1,Reasonable,High,D_Y
8,MET_NMN_CR,Combination,4,771,39,1,1,1,21,0,1,Reasonable,High,D_Y
8,MET_NMN_CR,Combination,4,772,39,1,1,1,21,0,1,Reasonable,High,D_Y
8,MET_NMN_CR,Combination,4,773,39,1,1,1,21,0,1,Reasonable,High,D_Y
8,MET_NMN_CR,Combination,4,774,39,1,1,1,24,0,1,Reasonable,High,D_Y
8,MET_NMN_CR,Combination,4,775,39,1,1,1,24,0,1,Reasonable,High,D_Y
8,MET_NMN_CR,Combination,4,776,39,1,1,1,24,0,1,Reasonable,High,D_Y
8,MET_NMN_CR,Combination,4,777,39,1,1,1,24,0,1,Reasonable,High,D_Y
8,MET_NMN_CR,Combination,4,778,39,1,1,1,24,0,1,Reasonable,High,D_Y
8,MET_NMN_CR,Combination,4,779,39,1,1,1,25,0,1,Reasonable,High,D_Y
8,MET_NMN_CR,Combination,4,780,39,1,1,1,28,0,1,Reasonable,High,D_Y
8,MET_NMN_CR,Combination,5,781,40,1,1,1,19,0,1,None,Low,None
8,MET_NMN_CR,Combination,5,782,40,1,1,1,21,0,1,None,Low,None
8,MET_NMN_CR,Combination,5,783,40,1,1,1,21,0,1,None,Low,None
8,MET_NMN_CR,Combination,5,784,40,1,1,1,21,0,1,None,Low,None
8,MET_NMN_CR,Combination,5,785,40,1,1,1,21,0,1,None,Low,None
8,MET_NMN_CR,Combination,5,786,40,1,1,1,21,0,1,None,Low,None
8,MET_NMN_CR,Combination,5,787,40,1,1,1,21,0,1,None,Low,None
8,MET_NMN_CR,Combination,5,788,40,1,1,1,24,0,1,None,Low,None
8,MET_NMN_CR,Combination,5,789,40,1,1,1,29,0,1,None,Low,None
8,MET_NMN_CR,Combination,5,790,40,1,1,1,29,0,1,None,Low,None
8,MET_NMN_CR,Combination,5,791,40,1,1,1,30,0,1,None,Low,None
8,MET_NMN_CR,Combination,5,792,40,1,1,1,31,0,1,None,Low,None
8,MET_NMN_CR,Combination,5,793,40,1,1,1,31,0,1,None,Low,None
8,MET_NMN_CR,Combination,5,794,40,1,1,1,32,0,1,None,Low,None
8,MET_NMN_CR,Combination,5,795,40,1,1,1,33,0,1,None,Low,None
8,MET_NMN_CR,Combination,5,796,40,1,1,1,33,0,1,None,Low,None
8,MET_NMN_CR,Combination,5,797,40,1,1,1,33,0,1,None,Low,None
8,MET_NMN_CR,Combination,5,798,40,1,1,1,34,0,1,None,Low,None
8,MET_NMN_CR,Combination,5,799,40,1,1,1,37,0,1,None,Low,None
8,MET_NMN_CR,Combination,5,800,40,1,1,1,39,0,1,None,Low,None
